<?xml version="1.0" encoding="UTF-8"?>
<plugin_list><script id="QHkmCThP.js"/>
   <gameplugin width="160" height="200">
	   <group name="게임" tooltip="신나는 게임을 즐겨보아요~">
	      <item name="수다맞고" type="double" guid="E25D9AC6-48F7-4C9D-87DA-E5D172E7C05A" excode="astrmatgo:S01">배칠수의 신나는 해설을 들으면서 맞고 한판!!</item>
		  <item name="매트릭스" type="double" guid="E25D9AC6-48F7-4C9D-87DA-E5D172E7C05A" excode="astrblock:B01">화끈! 박진! 공간의 압박!! 퍼즐의 진수!!</item>
	   </group>
   </gameplugin>
   <shareplugin width="180" height="100">
	   <group name="공유" tooltip="공유기능을 사용합니다.">
		<item name="화이트보드" type="plugin" guid="AA76A730-ABE2-43b7-8F31-C92F1C39F71C" excode="whiteboard">화이트보드</item>
		<item name="웹사이트 함께보기 (베타)" type="plugin" guid="94105F28-B220-4BD9-BAC3-792EDC68F3DD" excode="webshare">웹사이트 함께보기 (베타)</item>
		<item name="원격제어" type="plugin" guid="5D1A9EDE-ED23-4790-8C04-CCABA1FC888B" excode="none">원격제어</item>
	   </group>
   </shareplugin>
</plugin_list>